indicador,ano,caminho_local,nome_local,nome_original,tipo,finalidade,dicionario_associado,url_oficial,url_historica_download,edicao_fonte,anos_disponiveis,observacao,sha256
IDEB,2007-2023,data/raw/ideb/divulgacao_regioes_ufs_ideb.xlsx,divulgacao_regioes_ufs_ideb.xlsx,não registrado no repositório,resultado agregado,workbook oficial com nome local estavel; fonte fisica identificada por SHA-256,não utilizado,https://www.gov.br/inep/pt-br/areas-de-atuacao/pesquisas-estatisticas-e-indicadores/ideb/resultados,https://download.inep.gov.br/ideb/resultados/divulgacao_regioes_ufs_ideb_2023.zip,arquivo fisico atual contem VL_OBSERVADO_2025,"2005, 2007, 2009, 2011, 2013, 2015, 2017, 2019, 2021, 2023, 2025",A pagina oficial pode apontar para edicao posterior; a reproducao exata usa o arquivo local estavel e seu SHA-256.,ee173836cadb7d2cc8ac6cf8fc10b77aa70bb7191ca94169089b9e0d9b8c0bc4
PND,2025,data/raw/pnd/Dicionário_arquivos_variáveis_PND_2025.xlsx,Dicionário_arquivos_variáveis_PND_2025.xlsx,não registrado no repositório,dicionário,"interpretação de variáveis, códigos e áreas da PND",não se aplica,https://www.gov.br/inep/pt-br/acesso-a-informacao/dados-abertos/microdados/pnd,,,,,dcc59019462bed0478649c2f914cb132387379d190d18a7cd676327b7bef825e
PND,2025,data/raw/pnd/microdados2025_parametros_itens.xlsx,microdados2025_parametros_itens.xlsx,não registrado no repositório,arquivo auxiliar,parâmetros de itens preservados no Raw; não é fonte da fato analítica principal,não se aplica,https://www.gov.br/inep/pt-br/acesso-a-informacao/dados-abertos/microdados/pnd,,,,,e6524a0caa38812c2c54bb4c3d0ccd05f9ba30696baa22917d425584cbae1490
PND,2025,data/raw/pnd/microdados2025_pnd_arq1.txt,microdados2025_pnd_arq1.txt,não registrado no repositório,microdados,arquivo principal transformado na Bronze e na Silver da PND,Dicionário_arquivos_variáveis_PND_2025.xlsx,https://www.gov.br/inep/pt-br/acesso-a-informacao/dados-abertos/microdados/pnd,,,,,b15968a19e309bca6b63c6f6d7af094efdc13d900645dc7385872a6a50dd7baf
Rendimento Escolar,2007,data/raw/rendimento/TX RENDIMENTO UFS 2007.xls,TX RENDIMENTO UFS 2007.xls,não registrado no repositório,dado analítico,taxas oficiais por UF; fonte da série analítica,não utilizado,https://www.gov.br/inep/pt-br/acesso-a-informacao/dados-abertos/indicadores-educacionais/taxas-de-rendimento-escolar,,,,,492e0acfc54f8de363416d315042cb96def1392f632c0336fd6e10ca9cb399da
Rendimento Escolar,2008,data/raw/rendimento/TAXAS RENDIMENTO UF 2008.xls,TAXAS RENDIMENTO UF 2008.xls,não registrado no repositório,dado analítico,taxas oficiais por UF; fonte da série analítica,não utilizado,https://www.gov.br/inep/pt-br/acesso-a-informacao/dados-abertos/indicadores-educacionais/taxas-de-rendimento-escolar,,,,,8e65bab791168b30f9cb6d5370bd5d680551da83da62b61559ced324f1c269d8
Rendimento Escolar,2009,data/raw/rendimento/TAXAS RENDIMENTO UF 2009.xls,TAXAS RENDIMENTO UF 2009.xls,não registrado no repositório,dado analítico,taxas oficiais por UF; fonte da série analítica,não utilizado,https://www.gov.br/inep/pt-br/acesso-a-informacao/dados-abertos/indicadores-educacionais/taxas-de-rendimento-escolar,,,,,c887b2224a9c5336f1300f11a77b7f1f3820234ed3680328d4920a22ddf140aa
Rendimento Escolar,2010,data/raw/rendimento/TAXAS RENDIMENTO UF 2010.xls,TAXAS RENDIMENTO UF 2010.xls,não registrado no repositório,dado analítico,taxas oficiais por UF; fonte da série analítica,não utilizado,https://www.gov.br/inep/pt-br/acesso-a-informacao/dados-abertos/indicadores-educacionais/taxas-de-rendimento-escolar,,,,,e6cb0365feb955a9535f314462cfc812d8178cffcd2d1ef3fecdbcb605fa3527
Rendimento Escolar,2011,data/raw/rendimento/tx_rendimento_uf_2011.xls,tx_rendimento_uf_2011.xls,não registrado no repositório,dado analítico,taxas oficiais por UF; fonte da série analítica,não utilizado,https://www.gov.br/inep/pt-br/acesso-a-informacao/dados-abertos/indicadores-educacionais/taxas-de-rendimento-escolar,,,,,799bbc340fa6d70199bd96cafafc5c5dab2065cc565b85ad6da8ca41bcc4da70
Rendimento Escolar,2012,data/raw/rendimento/tx_rendimento_UFs_2012.xlsx,tx_rendimento_UFs_2012.xlsx,não registrado no repositório,dado analítico,taxas oficiais por UF; fonte da série analítica,não utilizado,https://www.gov.br/inep/pt-br/acesso-a-informacao/dados-abertos/indicadores-educacionais/taxas-de-rendimento-escolar,,,,,23ca80305a0865a330e1961eeac29af3f95049891213d2b27d738b6dbd96e8d5
Rendimento Escolar,2013,data/raw/rendimento/TAXAS RENDIMENTOS UF 2013.xlsx,TAXAS RENDIMENTOS UF 2013.xlsx,não registrado no repositório,dado analítico,taxas oficiais por UF; fonte da série analítica,não utilizado,https://www.gov.br/inep/pt-br/acesso-a-informacao/dados-abertos/indicadores-educacionais/taxas-de-rendimento-escolar,,,,,d7fb8d1408377ca38de980a9f4047ddf332a10243db403952b7fdb41b7c62150
Rendimento Escolar,2014,data/raw/rendimento/TAXAS RENDIMENTOS UF 2014.xlsx,TAXAS RENDIMENTOS UF 2014.xlsx,não registrado no repositório,dado analítico,taxas oficiais por UF; fonte da série analítica,não utilizado,https://www.gov.br/inep/pt-br/acesso-a-informacao/dados-abertos/indicadores-educacionais/taxas-de-rendimento-escolar,,,,,79e61ce80a65816fa4762590e7cfe00cd79007827478392562a1ddf73896d36b
Rendimento Escolar,2015,data/raw/rendimento/TX_REND_UFS_2015.xlsx,TX_REND_UFS_2015.xlsx,não registrado no repositório,dado analítico,taxas oficiais por UF; fonte da série analítica,não utilizado,https://www.gov.br/inep/pt-br/acesso-a-informacao/dados-abertos/indicadores-educacionais/taxas-de-rendimento-escolar,,,,,f186bb269c4d78dd449df39e2a2b70c30f79724e116b2d8ef66d7a7d95d2ce9f
Rendimento Escolar,2016,data/raw/rendimento/TX_REND_UFS_2016.xlsx,TX_REND_UFS_2016.xlsx,não registrado no repositório,dado analítico,taxas oficiais por UF; fonte da série analítica,não utilizado,https://www.gov.br/inep/pt-br/acesso-a-informacao/dados-abertos/indicadores-educacionais/taxas-de-rendimento-escolar,,,,,2f841ffb7a56f82b01a0fdce8f602a73246a5000391e406268f16e59de81c68c
Rendimento Escolar,2017,data/raw/rendimento/TX_REND_BRASIL_REGIOES_UFS_2017.xlsx,TX_REND_BRASIL_REGIOES_UFS_2017.xlsx,não registrado no repositório,dado analítico,taxas oficiais por UF; fonte da série analítica,não utilizado,https://www.gov.br/inep/pt-br/acesso-a-informacao/dados-abertos/indicadores-educacionais/taxas-de-rendimento-escolar,,,,,f81eb47bbe854ad702a5f3ad82aeb096fa36a66cd559bcf33688408a48cb6eeb
Rendimento Escolar,2018,data/raw/rendimento/TX_REND_BRASIL_REGIOES_UFS_2018.xlsx,TX_REND_BRASIL_REGIOES_UFS_2018.xlsx,não registrado no repositório,dado analítico,taxas oficiais por UF; fonte da série analítica,não utilizado,https://www.gov.br/inep/pt-br/acesso-a-informacao/dados-abertos/indicadores-educacionais/taxas-de-rendimento-escolar,,,,,90c46e8fe38f24fe40966feca054602c28902bdd8f99c690525e1d1c6d3c1cec
Rendimento Escolar,2019,data/raw/rendimento/tx_rend_brasil_regioes_ufs_2019.xlsx,tx_rend_brasil_regioes_ufs_2019.xlsx,não registrado no repositório,dado analítico,taxas oficiais por UF; fonte da série analítica,não utilizado,https://www.gov.br/inep/pt-br/acesso-a-informacao/dados-abertos/indicadores-educacionais/taxas-de-rendimento-escolar,,,,,36366bb7c5f08f79ae2880a34f83e710e5fe14436234fb678fb354d58ae06979
Rendimento Escolar,2020,data/raw/rendimento/tx_rend_brasil_regioes_ufs_2020.xlsx,tx_rend_brasil_regioes_ufs_2020.xlsx,não registrado no repositório,dado analítico,taxas oficiais por UF; fonte da série analítica,não utilizado,https://www.gov.br/inep/pt-br/acesso-a-informacao/dados-abertos/indicadores-educacionais/taxas-de-rendimento-escolar,,,,,ee0be9c957d6b37d092eb0f7fa9576011214e06d292c446ae2b659c9fc2e03be
Rendimento Escolar,2021,data/raw/rendimento/tx_rend_brasil_regioes_ufs_2021.xlsx,tx_rend_brasil_regioes_ufs_2021.xlsx,não registrado no repositório,dado analítico,taxas oficiais por UF; fonte da série analítica,não utilizado,https://www.gov.br/inep/pt-br/acesso-a-informacao/dados-abertos/indicadores-educacionais/taxas-de-rendimento-escolar,,,,,e70ed7836c11029e843f66ccb0a97bcf0e131f9feab62f8d8fb54efdf48e5c86
Rendimento Escolar,2022,data/raw/rendimento/tx_rend_brasil_regioes_ufs_2022.xlsx,tx_rend_brasil_regioes_ufs_2022.xlsx,não registrado no repositório,dado analítico,taxas oficiais por UF; fonte da série analítica,não utilizado,https://www.gov.br/inep/pt-br/acesso-a-informacao/dados-abertos/indicadores-educacionais/taxas-de-rendimento-escolar,,,,,65ad47093ae41ea234f60ac658084d8c2843ed6d33d6af6f1ad8c5125c1dac12
Rendimento Escolar,2023,data/raw/rendimento/tx_rend_brasil_regioes_ufs_2023.xlsx,tx_rend_brasil_regioes_ufs_2023.xlsx,não registrado no repositório,dado analítico,taxas oficiais por UF; fonte da série analítica,não utilizado,https://www.gov.br/inep/pt-br/acesso-a-informacao/dados-abertos/indicadores-educacionais/taxas-de-rendimento-escolar,,,,,02a11e9f44d1a819d1f00496de0905d324d4fbe706cb872be2c3e0bdab2f935c
SAEB,2007,data/raw/saeb/Dicionario_SAEB_2007.xlsx,Dicionario_SAEB_2007.xlsx,não registrado no repositório,dicionário,interpretação de códigos e estrutura da fonte,não se aplica,https://www.gov.br/inep/pt-br/acesso-a-informacao/dados-abertos/microdados/saeb,,,,,f7742aeba395dc4d8d0b8af68802b98bc532c12010767322cea25e8bf971ed4f
SAEB,2007,data/raw/saeb/MEDIA_UF_2007.xlsx,MEDIA_UF_2007.xlsx,não registrado no repositório,resultado agregado,resultado agregado oficial por UF; fonte da série analítica,Dicionario_SAEB_2007.xlsx,https://www.gov.br/inep/pt-br/areas-de-atuacao/avaliacao-e-exames-educacionais/saeb/resultados,,,,,f90b8c89973c586d7adb88bcb01130017accb540bbc3edc5ce4739c5c1603667
SAEB,2007,data/raw/saeb/TS_ESCOLA_2007.csv,TS_ESCOLA_2007.csv,não registrado no repositório,arquivo de auditoria,microdados escolares preservados; não usados na Silver final,Dicionario_SAEB_2007.xlsx,https://www.gov.br/inep/pt-br/acesso-a-informacao/dados-abertos/microdados/saeb,,,,,87662e15db3e2d3923ad7aac7861b27a22eca2600f6bd5fea70ffebaa3f1fca6
SAEB,2009,data/raw/saeb/Dicionario_SAEB_2009.xlsx,Dicionario_SAEB_2009.xlsx,não registrado no repositório,dicionário,interpretação de códigos e estrutura da fonte,não se aplica,https://www.gov.br/inep/pt-br/acesso-a-informacao/dados-abertos/microdados/saeb,,,,,e0adb71c72a70dba6580838c065fbdb6f1c589ca00f9e98df18a98f84773fadd
SAEB,2009,data/raw/saeb/MEDIA_UF_2009.xlsx,MEDIA_UF_2009.xlsx,não registrado no repositório,resultado agregado,resultado agregado oficial por UF; fonte da série analítica,Dicionario_SAEB_2009.xlsx,https://www.gov.br/inep/pt-br/areas-de-atuacao/avaliacao-e-exames-educacionais/saeb/resultados,,,,,052bf375d052f200ffb932f668ffebb0faae68dca66156bb6d3063a08e8e5f6b
SAEB,2009,data/raw/saeb/TS_ESCOLA_2009.csv,TS_ESCOLA_2009.csv,não registrado no repositório,arquivo de auditoria,microdados escolares preservados; não usados na Silver final,Dicionario_SAEB_2009.xlsx,https://www.gov.br/inep/pt-br/acesso-a-informacao/dados-abertos/microdados/saeb,,,,,ec9a7a2e4fd83d083600e84f7e1a423cccf1354bc992d45a0abca0a59f81d61b
SAEB,2011,data/raw/saeb/Dicionario_SAEB_2011.xlsx,Dicionario_SAEB_2011.xlsx,não registrado no repositório,dicionário,interpretação de códigos e estrutura da fonte,não se aplica,https://www.gov.br/inep/pt-br/acesso-a-informacao/dados-abertos/microdados/saeb,,,,,97efd073fa069c08e9301092c4691aa35f00717f8cc67672960128b52c073fd2
SAEB,2011,data/raw/saeb/TS_RESULTADO_UF_2011.csv,TS_RESULTADO_UF_2011.csv,não registrado no repositório,resultado agregado,resultado agregado oficial por UF; fonte da série analítica,Dicionario_SAEB_2011.xlsx,https://www.gov.br/inep/pt-br/areas-de-atuacao/avaliacao-e-exames-educacionais/saeb/resultados,,,,,2e4b8e15279d645b4d19ea1acc5473fc73d968c69d54bbb9715e59f2d84fa8a7
SAEB,2013,data/raw/saeb/TS_UF_2013.xlsx,TS_UF_2013.xlsx,não registrado no repositório,resultado agregado,resultado agregado oficial por UF; fonte da série analítica,não utilizado,https://www.gov.br/inep/pt-br/areas-de-atuacao/avaliacao-e-exames-educacionais/saeb/resultados,,,,,42e3efe1a614dcb891c29681063b8f0d1a8336ef1477bde26663771b956fc8ca
SAEB,2015,data/raw/saeb/TS_UF_2015.xlsx,TS_UF_2015.xlsx,não registrado no repositório,resultado agregado,resultado agregado oficial por UF; fonte da série analítica,não utilizado,https://www.gov.br/inep/pt-br/areas-de-atuacao/avaliacao-e-exames-educacionais/saeb/resultados,,,,,33f947a87c6aacf8d3ac4e07ba9311f547f898f2585980c2aa0c91e2ae2a4521
SAEB,2017,data/raw/saeb/TS_UF_2017.xlsx,TS_UF_2017.xlsx,não registrado no repositório,resultado agregado,resultado agregado oficial por UF; fonte da série analítica,não utilizado,https://www.gov.br/inep/pt-br/areas-de-atuacao/avaliacao-e-exames-educacionais/saeb/resultados,,,,,143ec3a2cb6eda454412b4a7605d31d0b7d39b8631de3aa3b413932989127159
SAEB,2019,data/raw/saeb/TS_UF_2019.xlsx,TS_UF_2019.xlsx,não registrado no repositório,resultado agregado,resultado agregado oficial por UF; fonte da série analítica,não utilizado,https://www.gov.br/inep/pt-br/areas-de-atuacao/avaliacao-e-exames-educacionais/saeb/resultados,,,,,a92e77b1ec6394a9c03a2007f10ccd687e81bffdc17ff226bb47523a5b390af6
SAEB,2021,data/raw/saeb/TS_UF_2021.xlsx,TS_UF_2021.xlsx,não registrado no repositório,resultado agregado,resultado agregado oficial por UF; fonte da série analítica,não utilizado,https://www.gov.br/inep/pt-br/areas-de-atuacao/avaliacao-e-exames-educacionais/saeb/resultados,,,,,c724725e16746a5dfeb33cd7818ed69709c1ff687b6528cd8ee5ee67b025ee68
SAEB,2023,data/raw/saeb/Dicionario_Saeb_2023.xlsx,Dicionario_Saeb_2023.xlsx,não registrado no repositório,dicionário,interpretação de códigos e estrutura da fonte,não se aplica,https://www.gov.br/inep/pt-br/acesso-a-informacao/dados-abertos/microdados/saeb,,,,,ab5af71540f9a7618075c58f2a510cdca83c3868c373d4a3b8dca3541b34f520
SAEB,2023,data/raw/saeb/Resultados_Saeb_2023_Brasil_Estados_Municipios.xlsb,Resultados_Saeb_2023_Brasil_Estados_Municipios.xlsb,não registrado no repositório,resultado agregado,resultado agregado oficial por UF; fonte final da série analítica,Dicionario_Saeb_2023.xlsx,https://www.gov.br/inep/pt-br/areas-de-atuacao/avaliacao-e-exames-educacionais/saeb/resultados,,,,,e593b547f608b2377ac3d90491d02097326d3b276d4539a93201922466207a01
SAEB,2023,data/raw/saeb/TS_ESCOLA_2023.csv,TS_ESCOLA_2023.csv,não registrado no repositório,microdados,microdados escolares preservados e usados em auditoria da agregação; não adotados como resultado analítico final,Dicionario_Saeb_2023.xlsx,https://www.gov.br/inep/pt-br/acesso-a-informacao/dados-abertos/microdados/saeb,,,,,64dc8ca0b5b1a65b3ee40aacdfa473984f32f0e7794affcbbf488217b2fbfbf7
TDI,2007,data/raw/tdi/TDI UFS 2007.xls,TDI UFS 2007.xls,não registrado no repositório,dado analítico,taxa oficial por UF; fonte da série analítica,não utilizado,https://www.gov.br/inep/pt-br/acesso-a-informacao/dados-abertos/indicadores-educacionais/taxas-de-distorcao-idade-serie,,,,,2428b12279d823737f9ed4652540ef4dbe9115a834e615616a037f92c1322411
TDI,2008,data/raw/tdi/TDI UFS 2008.xls,TDI UFS 2008.xls,não registrado no repositório,dado analítico,taxa oficial por UF; fonte da série analítica,não utilizado,https://www.gov.br/inep/pt-br/acesso-a-informacao/dados-abertos/indicadores-educacionais/taxas-de-distorcao-idade-serie,,,,,c24e86ab4e9e5244baa67600df73909f2bd2fe1bea8644de8654933231977900
TDI,2009,data/raw/tdi/DADOS TDI UF - 2009.xls,DADOS TDI UF - 2009.xls,não registrado no repositório,dado analítico,taxa oficial por UF; fonte da série analítica,não utilizado,https://www.gov.br/inep/pt-br/acesso-a-informacao/dados-abertos/indicadores-educacionais/taxas-de-distorcao-idade-serie,,,,,16f26bc1695e6e469d5f8c01561a61343d017524a2c14f2c54b0dcf27a53a9a2
TDI,2010,data/raw/tdi/DADOS TDI UF - 2010.xls,DADOS TDI UF - 2010.xls,não registrado no repositório,dado analítico,taxa oficial por UF; fonte da série analítica,não utilizado,https://www.gov.br/inep/pt-br/acesso-a-informacao/dados-abertos/indicadores-educacionais/taxas-de-distorcao-idade-serie,,,,,40bb5d8fd4ae7d42cec3fdbe48676d988e8b09e4f279b469a607381c1c82c48f
TDI,2011,data/raw/tdi/tdi_UFs_2011.xls,tdi_UFs_2011.xls,não registrado no repositório,dado analítico,taxa oficial por UF; fonte da série analítica,não utilizado,https://www.gov.br/inep/pt-br/acesso-a-informacao/dados-abertos/indicadores-educacionais/taxas-de-distorcao-idade-serie,,,,,4a32f64255d88377078d6d99972d11ca6ac8f0eb9336dfd9f90ece4b17c9077c
TDI,2012,data/raw/tdi/tdi_UFs_2012.xls,tdi_UFs_2012.xls,não registrado no repositório,dado analítico,taxa oficial por UF; fonte da série analítica,não utilizado,https://www.gov.br/inep/pt-br/acesso-a-informacao/dados-abertos/indicadores-educacionais/taxas-de-distorcao-idade-serie,,,,,6fa10e074c664bcda757e7f49ddcac42c16ecfdca4c7ecbe853f8fb95133f91f
TDI,2013,data/raw/tdi/TDI UF - 2013.xls,TDI UF - 2013.xls,não registrado no repositório,dado analítico,taxa oficial por UF; fonte da série analítica,não utilizado,https://www.gov.br/inep/pt-br/acesso-a-informacao/dados-abertos/indicadores-educacionais/taxas-de-distorcao-idade-serie,,,,,014f983429c3e6aee701b4e5913a0e54e9f7c7d1a0e476c232ba039f4383be2e
TDI,2014,data/raw/tdi/TDI UF - 2014.xls,TDI UF - 2014.xls,não registrado no repositório,dado analítico,taxa oficial por UF; fonte da série analítica,não utilizado,https://www.gov.br/inep/pt-br/acesso-a-informacao/dados-abertos/indicadores-educacionais/taxas-de-distorcao-idade-serie,,,,,40dc4f2fe6dd357e4ea22ca1aca46dc280d2978c042f6d65c807dbb06b661bc3
TDI,2015,data/raw/tdi/TDI_UFS_2015.xlsx,TDI_UFS_2015.xlsx,não registrado no repositório,dado analítico,taxa oficial por UF; fonte da série analítica,não utilizado,https://www.gov.br/inep/pt-br/acesso-a-informacao/dados-abertos/indicadores-educacionais/taxas-de-distorcao-idade-serie,,,,,cfca00d12430fc257c3b7a2cd2cad36b1b7fdd14280ef8a886e1022f23ac8d18
TDI,2016,data/raw/tdi/TDI_UFS_2016.xlsx,TDI_UFS_2016.xlsx,não registrado no repositório,dado analítico,taxa oficial por UF; fonte da série analítica,não utilizado,https://www.gov.br/inep/pt-br/acesso-a-informacao/dados-abertos/indicadores-educacionais/taxas-de-distorcao-idade-serie,,,,,e7f768bdeb9b15c7dc81d0bf87554e607a8f5b5a6830c3d544ef4f3fce17649b
TDI,2017,data/raw/tdi/TDI_BRASIL_REGIOES_UFS_2017.xlsx,TDI_BRASIL_REGIOES_UFS_2017.xlsx,não registrado no repositório,dado analítico,taxa oficial por UF; fonte da série analítica,não utilizado,https://www.gov.br/inep/pt-br/acesso-a-informacao/dados-abertos/indicadores-educacionais/taxas-de-distorcao-idade-serie,,,,,a605f8d348c3f0234b0484a81a83a5459729d6f4adf8c27ea8ed6ac997f0e345
TDI,2018,data/raw/tdi/TDI_BRASIL_REGIOES_UFS_2018.xlsx,TDI_BRASIL_REGIOES_UFS_2018.xlsx,não registrado no repositório,dado analítico,taxa oficial por UF; fonte da série analítica,não utilizado,https://www.gov.br/inep/pt-br/acesso-a-informacao/dados-abertos/indicadores-educacionais/taxas-de-distorcao-idade-serie,,,,,ba7e3112e7cef7d1ee77e33ac86b4be7982e4fdc852b1e20044d76f119b824e5
TDI,2019,data/raw/tdi/TDI_BRASIL_REGIOES_UFS_2019.xlsx,TDI_BRASIL_REGIOES_UFS_2019.xlsx,não registrado no repositório,dado analítico,taxa oficial por UF; fonte da série analítica,não utilizado,https://www.gov.br/inep/pt-br/acesso-a-informacao/dados-abertos/indicadores-educacionais/taxas-de-distorcao-idade-serie,,,,,76b355b3d96ada1129c2910d4473c107dd7637fe9062e38b2dcd2f82030ee08d
TDI,2020,data/raw/tdi/TDI_BRASIL_REGIOES_UFS_2020.xlsx,TDI_BRASIL_REGIOES_UFS_2020.xlsx,não registrado no repositório,dado analítico,taxa oficial por UF; fonte da série analítica,não utilizado,https://www.gov.br/inep/pt-br/acesso-a-informacao/dados-abertos/indicadores-educacionais/taxas-de-distorcao-idade-serie,,,,,5a1a94f59fe0f5ddac95de34a0f1f55acd4ab0e341a8d5efe6e513a65654fb37
TDI,2021,data/raw/tdi/TDI_BRASIL_REGIOES_UFS_2021.xlsx,TDI_BRASIL_REGIOES_UFS_2021.xlsx,não registrado no repositório,dado analítico,taxa oficial por UF; fonte da série analítica,não utilizado,https://www.gov.br/inep/pt-br/acesso-a-informacao/dados-abertos/indicadores-educacionais/taxas-de-distorcao-idade-serie,,,,,2b42b46e63b089a10e108606c29e858399ceff495b441567ab5099906c4937b5
TDI,2022,data/raw/tdi/TDI_BRASIL_REGIOES_UFS_2022.xlsx,TDI_BRASIL_REGIOES_UFS_2022.xlsx,não registrado no repositório,dado analítico,taxa oficial por UF; fonte da série analítica,não utilizado,https://www.gov.br/inep/pt-br/acesso-a-informacao/dados-abertos/indicadores-educacionais/taxas-de-distorcao-idade-serie,,,,,cdd401cd2c2c1263adca4d4edf668ffdcf066367fdae498ace80d1125488cbb2
TDI,2023,data/raw/tdi/TDI_BRASIL_REGIOES_UFS_2023.xlsx,TDI_BRASIL_REGIOES_UFS_2023.xlsx,não registrado no repositório,dado analítico,taxa oficial por UF; fonte da série analítica,não utilizado,https://www.gov.br/inep/pt-br/acesso-a-informacao/dados-abertos/indicadores-educacionais/taxas-de-distorcao-idade-serie,,,,,f35a19af82c550e0ca981585b5b339b2921a185c95421b3c88e9b3bf109a09f7
